{"accuracy": [0.16020561754703522, 0.4046369791030884, 0.5346969366073608, 0.6030198931694031, 0.6499250531196594, 0.6713429093360901, 0.6971514225006104, 0.7160527110099792, 0.7329728007316589, 0.7417005896568298, 0.7515528202056885, 0.7618333697319031, 0.772435188293457, 0.782394528388977, 0.7846969366073608], "loss": [3.176673650741577, 2.05519700050354, 1.5119338035583496, 1.2472496032714844, 1.1024221181869507, 1.0092263221740723, 0.923090934753418, 0.8674039244651794, 0.8116529583930969, 0.7827172875404358, 0.7441254258155823, 0.7110043168067932, 0.6947826743125916, 0.6569218635559082, 0.6495416760444641], "val_accuracy": [0.4349967837333679, 0.6810880303382874, 0.7937459945678711, 0.8344399333000183, 0.8684943318367004, 0.8847718834877014, 0.9016920328140259, 0.9188262820243835, 0.9239665865898132, 0.9211822748184204, 0.9398158192634583, 0.9396016001701355, 0.9389590620994568, 0.9453844428062439, 0.9496680498123169], "val_loss": [2.4209439754486084, 1.4814542531967163, 1.0570014715194702, 0.7952033877372742, 0.7063263058662415, 0.6002722382545471, 0.5486594438552856, 0.5068708062171936, 0.4431409537792206, 0.437503457069397, 0.39156004786491394, 0.33858248591423035, 0.3678293228149414, 0.31829822063446045, 0.3021598756313324]}